"id","xi","Tei","n.rec","start","stop","status"
1,1,17.75,7,0,1.70215635499519,1
1,1,17.75,7,1.70215635499519,1.89722778448205,1
1,1,17.75,7,1.89722778448205,9.87411120400844,1
1,1,17.75,7,9.87411120400844,10.7261100810593,1
1,1,17.75,7,10.7261100810593,14.7064494907416,1
1,1,17.75,7,14.7064494907416,16.0068984794275,1
1,1,17.75,7,16.0068984794275,16.775887669599,1
1,1,17.75,7,16.775887669599,17.75,0
2,1,11.75,0,0,11.75,0
3,1,11.75,2,0,2.11286937358687,1
3,1,11.75,2,2.11286937358687,9.33812745602486,1
3,1,11.75,2,9.33812745602486,11.75,0
4,1,17.75,2,0,4.22278164201478,1
4,1,17.75,2,4.22278164201478,7.32856341279151,1
4,1,17.75,2,7.32856341279151,17.75,0
5,1,9.75,0,0,9.75,0
6,1,17.75,6,0,5.04857904227438,1
6,1,17.75,6,5.04857904227438,9.85825129635537,1
6,1,17.75,6,9.85825129635537,11.9435656219078,1
6,1,17.75,6,11.9435656219078,13.2245412851206,1
6,1,17.75,6,13.2245412851206,14.0368880037911,1
6,1,17.75,6,14.0368880037911,15.1084019977517,1
6,1,17.75,6,15.1084019977517,17.75,0
7,1,17.75,1,0,17.3542047169437,1
7,1,17.75,1,17.3542047169437,17.75,0
8,1,18.75,5,0,7.21475827838685,1
8,1,18.75,5,7.21475827838685,7.75555190564519,1
8,1,18.75,5,7.75555190564519,8.75997702035686,1
8,1,18.75,5,8.75997702035686,13.1550300257172,1
8,1,18.75,5,13.1550300257172,13.1963780679444,1
8,1,18.75,5,13.1963780679444,18.75,0
9,1,15.75,2,0,4.1872561963656,1
9,1,15.75,2,4.1872561963656,9.21182734291848,1
9,1,15.75,2,9.21182734291848,15.75,0
10,1,13.75,0,0,13.75,0
11,1,12.75,3,0,1.1895273770453,1
11,1,12.75,3,1.1895273770453,6.16228956962363,1
11,1,12.75,3,6.16228956962363,9.71776054827243,1
11,1,12.75,3,9.71776054827243,12.75,0
12,1,20.75,5,0,2.66211751831417,1
12,1,20.75,5,2.66211751831417,7.58567038978453,1
12,1,20.75,5,7.58567038978453,11.1452602640964,1
12,1,20.75,5,11.1452602640964,17.4535690924233,1
12,1,20.75,5,17.4535690924233,18.8323223711142,1
12,1,20.75,5,18.8323223711142,20.75,0
13,1,10.75,3,0,6.25680760758087,1
13,1,10.75,3,6.25680760758087,6.44310065358434,1
13,1,10.75,3,6.44310065358434,6.5342873502619,1
13,1,10.75,3,6.5342873502619,10.75,0
14,1,18.75,1,0,17.2413232198973,1
14,1,18.75,1,17.2413232198973,18.75,0
15,1,15.75,1,0,14.5004532671591,1
15,1,15.75,1,14.5004532671591,15.75,0
16,1,10.75,1,0,7.74886646022555,1
16,1,10.75,1,7.74886646022555,10.75,0
17,1,20.75,1,0,10.8160332542709,1
17,1,20.75,1,10.8160332542709,20.75,0
18,1,15.75,6,0,1.54444671255732,1
18,1,15.75,6,1.54444671255732,3.07175190273869,1
18,1,15.75,6,3.07175190273869,7.00099830083106,1
18,1,15.75,6,7.00099830083106,8.86730665613251,1
18,1,15.75,6,8.86730665613251,9.08929166311592,1
18,1,15.75,6,9.08929166311592,11.8778634840981,1
18,1,15.75,6,11.8778634840981,15.75,0
19,1,11.75,1,0,8.2757519975003,1
19,1,11.75,1,8.2757519975003,11.75,0
20,1,13.75,1,0,11.3691393312724,1
20,1,13.75,1,11.3691393312724,13.75,0
21,1,14.75,7,0,0.401086696428121,1
21,1,14.75,7,0.401086696428121,1.28431372843876,1
21,1,14.75,7,1.28431372843876,3.2736398098439,1
21,1,14.75,7,3.2736398098439,3.61340076350506,1
21,1,14.75,7,3.61340076350506,4.53144527728274,1
21,1,14.75,7,4.53144527728274,10.4744662597438,1
21,1,14.75,7,10.4744662597438,12.7630211560108,1
21,1,14.75,7,12.7630211560108,14.75,0
22,1,14.75,0,0,14.75,0
23,1,14.75,2,0,0.682105082712642,1
23,1,14.75,2,0.682105082712642,1.74690726363355,1
23,1,14.75,2,1.74690726363355,14.75,0
24,1,15.75,0,0,15.75,0
25,1,9.75,2,0,3.36090480723958,1
25,1,9.75,2,3.36090480723958,6.97484064471425,1
25,1,9.75,2,6.97484064471425,9.75,0
26,1,15.75,1,0,15.0141085650081,1
26,1,15.75,1,15.0141085650081,15.75,0
27,1,13.75,3,0,11.830688057582,1
27,1,13.75,3,11.830688057582,12.2652280534216,1
27,1,13.75,3,12.2652280534216,13.4893013783618,1
27,1,13.75,3,13.4893013783618,13.75,0
28,1,19.75,3,0,12.0286150646998,1
28,1,19.75,3,12.0286150646998,13.5256539969867,1
28,1,19.75,3,13.5256539969867,17.5804697424076,1
28,1,19.75,3,17.5804697424076,19.75,0
29,1,13.75,6,0,5.60484903998462,1
29,1,13.75,6,5.60484903998462,8.46885038295741,1
29,1,13.75,6,8.46885038295741,8.79379761489528,1
29,1,13.75,6,8.79379761489528,9.58437422695268,1
29,1,13.75,6,9.58437422695268,11.4634647528345,1
29,1,13.75,6,11.4634647528345,12.0889437081119,1
29,1,13.75,6,12.0889437081119,13.75,0
30,1,8.75,0,0,8.75,0
31,1,20.75,0,0,20.75,0
32,1,15.75,0,0,15.75,0
33,1,10.75,3,0,1.62534326648453,1
33,1,10.75,3,1.62534326648453,2.72633137804684,1
33,1,10.75,3,2.72633137804684,8.55127260665369,1
33,1,10.75,3,8.55127260665369,10.75,0
34,1,14.75,1,0,10.2074060712335,1
34,1,14.75,1,10.2074060712335,14.75,0
35,1,12.75,4,0,5.51413342066372,1
35,1,12.75,4,5.51413342066372,5.7434981052637,1
35,1,12.75,4,5.7434981052637,7.49869357538383,1
35,1,12.75,4,7.49869357538383,10.7533152299783,1
35,1,12.75,4,10.7533152299783,12.75,0
36,1,11.75,1,0,8.78563167527074,1
36,1,11.75,1,8.78563167527074,11.75,0
37,1,8.75,2,0,6.39629765440374,1
37,1,8.75,2,6.39629765440374,7.85708752715735,1
37,1,8.75,2,7.85708752715735,8.75,0
38,1,10.75,2,0,6.81671882732221,1
38,1,10.75,2,6.81671882732221,9.81930964078679,1
38,1,10.75,2,9.81930964078679,10.75,0
39,1,10.75,2,0,8.44131070876586,1
39,1,10.75,2,8.44131070876586,9.24317085011258,1
39,1,10.75,2,9.24317085011258,10.75,0
40,1,15.75,1,0,9.49795391435527,1
40,1,15.75,1,9.49795391435527,15.75,0
41,1,12.75,2,0,9.24869674697584,1
41,1,12.75,2,9.24869674697584,9.32989436767758,1
41,1,12.75,2,9.32989436767758,12.75,0
42,1,19.75,2,0,3.84097658073521,1
42,1,19.75,2,3.84097658073521,9.77041629080623,1
42,1,19.75,2,9.77041629080623,19.75,0
43,1,17.75,1,0,17.1740516604752,1
43,1,17.75,1,17.1740516604752,17.75,0
44,1,14.75,3,0,4.05446955223118,1
44,1,14.75,3,4.05446955223118,7.61767796015162,1
44,1,14.75,3,7.61767796015162,8.89268255538498,1
44,1,14.75,3,8.89268255538498,14.75,0
45,1,19.75,3,0,2.73733046600481,1
45,1,19.75,3,2.73733046600481,10.4392092094246,1
45,1,19.75,3,10.4392092094246,12.8553987412538,1
45,1,19.75,3,12.8553987412538,19.75,0
46,1,16.75,1,0,11.5145020984111,1
46,1,16.75,1,11.5145020984111,16.75,0
47,1,10.75,3,0,0.445408717010324,1
47,1,10.75,3,0.445408717010324,9.33277551264738,1
47,1,10.75,3,9.33277551264738,10.5090300629267,1
47,1,10.75,3,10.5090300629267,10.75,0
48,1,20.75,4,0,4.93518828014645,1
48,1,20.75,4,4.93518828014645,5.30824676792254,1
48,1,20.75,4,5.30824676792254,16.0819756151504,1
48,1,20.75,4,16.0819756151504,18.410074942162,1
48,1,20.75,4,18.410074942162,20.75,0
49,1,11.75,6,0,0.292408820420775,1
49,1,11.75,6,0.292408820420775,4.09924859315386,1
49,1,11.75,6,4.09924859315386,4.15260542298994,1
49,1,11.75,6,4.15260542298994,6.69977663436281,1
49,1,11.75,6,6.69977663436281,10.5949510309716,1
49,1,11.75,6,10.5949510309716,11.2750156419667,1
49,1,11.75,6,11.2750156419667,11.75,0
50,1,19.75,6,0,5.66771263191743,1
50,1,19.75,6,5.66771263191743,8.40630510422204,1
50,1,19.75,6,8.40630510422204,8.91411671812499,1
50,1,19.75,6,8.91411671812499,9.65640789967331,1
50,1,19.75,6,9.65640789967331,12.1117980127284,1
50,1,19.75,6,12.1117980127284,12.5606792089391,1
50,1,19.75,6,12.5606792089391,19.75,0
51,1,8.75,0,0,8.75,0
52,1,13.75,4,0,2.41625817521263,1
52,1,13.75,4,2.41625817521263,4.78945395218244,1
52,1,13.75,4,4.78945395218244,8.28713495194808,1
52,1,13.75,4,8.28713495194808,12.9429270087004,1
52,1,13.75,4,12.9429270087004,13.75,0
53,1,15.75,1,0,6.79533780407944,1
53,1,15.75,1,6.79533780407944,15.75,0
54,1,12.75,4,0,4.91643784595034,1
54,1,12.75,4,4.91643784595034,5.27499170135027,1
54,1,12.75,4,5.27499170135027,8.23478429820642,1
54,1,12.75,4,8.23478429820642,9.03707103197308,1
54,1,12.75,4,9.03707103197308,12.75,0
55,1,14.75,1,0,11.1452476767402,1
55,1,14.75,1,11.1452476767402,14.75,0
56,1,15.75,1,0,11.1225310961032,1
56,1,15.75,1,11.1225310961032,15.75,0
57,1,14.75,0,0,14.75,0
58,1,18.75,2,0,6.27182010702194,1
58,1,18.75,2,6.27182010702194,18.332194067143,1
58,1,18.75,2,18.332194067143,18.75,0
59,1,19.75,4,0,4.7872037590428,1
59,1,19.75,4,4.7872037590428,13.4849652951649,1
59,1,19.75,4,13.4849652951649,13.8703099610925,1
59,1,19.75,4,13.8703099610925,17.1470098375652,1
59,1,19.75,4,17.1470098375652,19.75,0
60,1,16.75,1,0,8.64058419977717,1
60,1,16.75,1,8.64058419977717,16.75,0
61,1,20.75,8,0,1.91936975743769,1
61,1,20.75,8,1.91936975743769,5.02591674610121,1
61,1,20.75,8,5.02591674610121,6.91949503304288,1
61,1,20.75,8,6.91949503304288,7.27288780095008,1
61,1,20.75,8,7.27288780095008,14.5724761169051,1
61,1,20.75,8,14.5724761169051,14.5862749226406,1
61,1,20.75,8,14.5862749226406,15.3906776034462,1
61,1,20.75,8,15.3906776034462,18.1107323294744,1
61,1,20.75,8,18.1107323294744,20.75,0
62,1,9.75,0,0,9.75,0
63,1,8.75,2,0,5.0308245737963,1
63,1,8.75,2,5.0308245737963,6.69221627950591,1
63,1,8.75,2,6.69221627950591,8.75,0
64,1,10.75,1,0,9.27525581902805,1
64,1,10.75,1,9.27525581902805,10.75,0
65,1,15.75,0,0,15.75,0
66,1,14.75,2,0,3.27921527260116,1
66,1,14.75,2,3.27921527260116,8.6625923174146,1
66,1,14.75,2,8.6625923174146,14.75,0
67,1,15.75,2,0,0.163928872963823,1
67,1,15.75,2,0.163928872963823,8.2128559520558,1
67,1,15.75,2,8.2128559520558,15.75,0
68,1,10.75,2,0,8.24845853960412,1
68,1,10.75,2,8.24845853960412,9.98176467393653,1
68,1,10.75,2,9.98176467393653,10.75,0
69,1,14.75,1,0,5.19120417855849,1
69,1,14.75,1,5.19120417855849,14.75,0
70,1,13.75,0,0,13.75,0
71,1,10.75,0,0,10.75,0
72,1,11.75,1,0,5.65029940538663,1
72,1,11.75,1,5.65029940538663,11.75,0
73,1,10.75,3,0,1.96993143035114,1
73,1,10.75,3,1.96993143035114,6.01492443996226,1
73,1,10.75,3,6.01492443996226,9.1214552320527,1
73,1,10.75,3,9.1214552320527,10.75,0
74,1,20.75,3,0,0.170105939038352,1
74,1,20.75,3,0.170105939038352,1.89209770239626,1
74,1,20.75,3,1.89209770239626,8.96188204276617,1
74,1,20.75,3,8.96188204276617,20.75,0
75,1,15.75,0,0,15.75,0
76,1,16.75,9,0,0.956062322659196,1
76,1,16.75,9,0.956062322659196,2.4283638567126,1
76,1,16.75,9,2.4283638567126,3.220444818977,1
76,1,16.75,9,3.220444818977,7.5529201739158,1
76,1,16.75,9,7.5529201739158,9.22148211749598,1
76,1,16.75,9,9.22148211749598,14.2834733179473,1
76,1,16.75,9,14.2834733179473,14.2907953620801,1
76,1,16.75,9,14.2907953620801,16.4786527064738,1
76,1,16.75,9,16.4786527064738,16.7246124794595,1
76,1,16.75,9,16.7246124794595,16.75,0
77,1,9.75,0,0,9.75,0
78,1,14.75,0,0,14.75,0
79,1,14.75,0,0,14.75,0
80,1,11.75,2,0,8.09723579676256,1
80,1,11.75,2,8.09723579676256,11.3366368140174,1
80,1,11.75,2,11.3366368140174,11.75,0
81,1,20.75,3,0,4.03094467113799,1
81,1,20.75,3,4.03094467113799,12.6763301486091,1
81,1,20.75,3,12.6763301486091,16.1820916229724,1
81,1,20.75,3,16.1820916229724,20.75,0
82,1,19.75,3,0,15.1917263914255,1
82,1,19.75,3,15.1917263914255,17.75505193689,1
82,1,19.75,3,17.75505193689,18.8680851418499,1
82,1,19.75,3,18.8680851418499,19.75,0
83,1,17.75,2,0,7.63579224464976,1
83,1,17.75,2,7.63579224464976,12.8766202074024,1
83,1,17.75,2,12.8766202074024,17.75,0
84,1,9.75,0,0,9.75,0
85,1,14.75,4,0,6.7129330956347,1
85,1,14.75,4,6.7129330956347,8.04687719449387,1
85,1,14.75,4,8.04687719449387,9.91348653029041,1
85,1,14.75,4,9.91348653029041,12.4231692040603,1
85,1,14.75,4,12.4231692040603,14.75,0
86,1,10.75,2,0,2.93919760368136,1
86,1,10.75,2,2.93919760368136,6.04030421257189,1
86,1,10.75,2,6.04030421257189,10.75,0
87,1,13.75,0,0,13.75,0
88,1,8.75,0,0,8.75,0
89,1,8.75,0,0,8.75,0
90,1,11.75,1,0,3.67922251551982,1
90,1,11.75,1,3.67922251551982,11.75,0
91,1,14.75,2,0,6.00675407920227,1
91,1,14.75,2,6.00675407920227,8.36273720024407,1
91,1,14.75,2,8.36273720024407,14.75,0
92,1,13.75,1,0,5.28859654058213,1
92,1,13.75,1,5.28859654058213,13.75,0
93,1,10.75,1,0,2.8226310710619,1
93,1,10.75,1,2.8226310710619,10.75,0
94,1,12.75,1,0,7.14767216356806,1
94,1,12.75,1,7.14767216356806,12.75,0
95,1,11.75,1,0,2.6482076628227,1
95,1,11.75,1,2.6482076628227,11.75,0
96,1,11.75,5,0,2.00010652903874,1
96,1,11.75,5,2.00010652903874,2.60232083742218,1
96,1,11.75,5,2.60232083742218,7.93418733697523,1
96,1,11.75,5,7.93418733697523,8.46952036202259,1
96,1,11.75,5,8.46952036202259,10.8740679575719,1
96,1,11.75,5,10.8740679575719,11.75,0
97,1,18.75,0,0,18.75,0
98,1,19.75,1,0,16.8795196607198,1
98,1,19.75,1,16.8795196607198,19.75,0
99,1,14.75,1,0,11.1381041758956,1
99,1,14.75,1,11.1381041758956,14.75,0
100,1,14.75,5,0,2.860618739419,1
100,1,14.75,5,2.860618739419,4.7179143345833,1
100,1,14.75,5,4.7179143345833,7.12790592962011,1
100,1,14.75,5,7.12790592962011,8.04345317944559,1
100,1,14.75,5,8.04345317944559,10.4608074013503,1
100,1,14.75,5,10.4608074013503,14.75,0
101,1,12.75,0,0,12.75,0
102,1,12.75,2,0,10.1785634133787,1
102,1,12.75,2,10.1785634133787,11.8028260364803,1
102,1,12.75,2,11.8028260364803,12.75,0
103,1,13.75,1,0,9.2137829479288,1
103,1,13.75,1,9.2137829479288,13.75,0
104,1,12.75,0,0,12.75,0
105,1,19.75,2,0,5.80922388209484,1
105,1,19.75,2,5.80922388209484,18.1145285261342,1
105,1,19.75,2,18.1145285261342,19.75,0
106,1,8.75,1,0,2.91540257741973,1
106,1,8.75,1,2.91540257741973,8.75,0
107,1,14.75,4,0,0.843633329503804,1
107,1,14.75,4,0.843633329503804,1.28001486960908,1
107,1,14.75,4,1.28001486960908,2.11841523390164,1
107,1,14.75,4,2.11841523390164,14.3238444910989,1
107,1,14.75,4,14.3238444910989,14.75,0
108,1,16.75,2,0,11.6825048179655,1
108,1,16.75,2,11.6825048179655,13.4917541985033,1
108,1,16.75,2,13.4917541985033,16.75,0
109,1,11.75,4,0,1.66314765853801,1
109,1,11.75,4,1.66314765853801,5.3292171720946,1
109,1,11.75,4,5.3292171720946,9.4220025455661,1
109,1,11.75,4,9.4220025455661,10.3842180538359,1
109,1,11.75,4,10.3842180538359,11.75,0
110,1,17.75,3,0,2.95238563531534,1
110,1,17.75,3,2.95238563531534,8.57861047297376,1
110,1,17.75,3,8.57861047297376,16.3637202669652,1
110,1,17.75,3,16.3637202669652,17.75,0
111,1,8.75,0,0,8.75,0
112,1,12.75,1,0,9.38303962296359,1
112,1,12.75,1,9.38303962296359,12.75,0
113,1,8.75,0,0,8.75,0
114,1,8.75,0,0,8.75,0
115,1,12.75,1,0,12.7385014912533,1
115,1,12.75,1,12.7385014912533,12.75,0
116,1,8.75,1,0,5.53520619821825,1
116,1,8.75,1,5.53520619821825,8.75,0
117,1,16.75,2,0,1.89345880451504,1
117,1,16.75,2,1.89345880451504,8.51276519414322,1
117,1,16.75,2,8.51276519414322,16.75,0
118,1,14.75,8,0,2.8961115377563,1
118,1,14.75,8,2.8961115377563,2.93560382345176,1
118,1,14.75,8,2.93560382345176,6.21206682075185,1
118,1,14.75,8,6.21206682075185,6.68157936317185,1
118,1,14.75,8,6.68157936317185,9.99922609937666,1
118,1,14.75,8,9.99922609937666,12.4165190242957,1
118,1,14.75,8,12.4165190242957,13.9178301478117,1
118,1,14.75,8,13.9178301478117,14.0733718165975,1
118,1,14.75,8,14.0733718165975,14.75,0
119,1,15.75,1,0,11.696461112581,1
119,1,15.75,1,11.696461112581,15.75,0
120,1,11.75,1,0,6.41271130839344,1
120,1,11.75,1,6.41271130839344,11.75,0
121,1,11.75,1,0,7.68569249500338,1
121,1,11.75,1,7.68569249500338,11.75,0
122,1,16.75,2,0,9.1487039052826,1
122,1,16.75,2,9.1487039052826,15.8803152920461,1
122,1,16.75,2,15.8803152920461,16.75,0
123,1,17.75,1,0,9.98088694888311,1
123,1,17.75,1,9.98088694888311,17.75,0
124,1,14.75,1,0,5.36162367694252,1
124,1,14.75,1,5.36162367694252,14.75,0
125,1,10.75,0,0,10.75,0
126,1,14.75,0,0,14.75,0
127,1,15.75,3,0,4.03806907561683,1
127,1,15.75,3,4.03806907561683,4.56830380368097,1
127,1,15.75,3,4.56830380368097,12.6462278438322,1
127,1,15.75,3,12.6462278438322,15.75,0
128,1,15.75,12,0,3.53171647647313,1
128,1,15.75,12,3.53171647647313,4.91841370318277,1
128,1,15.75,12,4.91841370318277,5.61582726627724,1
128,1,15.75,12,5.61582726627724,5.6316142589716,1
128,1,15.75,12,5.6316142589716,5.89340864365294,1
128,1,15.75,12,5.89340864365294,6.08527432667415,1
128,1,15.75,12,6.08527432667415,7.17832709230863,1
128,1,15.75,12,7.17832709230863,8.21771852942258,1
128,1,15.75,12,8.21771852942258,9.32147941334823,1
128,1,15.75,12,9.32147941334823,9.86674352966414,1
128,1,15.75,12,9.86674352966414,10.3579834376897,1
128,1,15.75,12,10.3579834376897,10.4878971518449,1
128,1,15.75,12,10.4878971518449,15.75,0
129,1,16.75,3,0,6.73480917156491,1
129,1,16.75,3,6.73480917156491,10.1207047499734,1
129,1,16.75,3,10.1207047499734,14.0463836035523,1
129,1,16.75,3,14.0463836035523,16.75,0
130,1,13.75,2,0,8.87357220542365,1
130,1,13.75,2,8.87357220542365,12.1550124949466,1
130,1,13.75,2,12.1550124949466,13.75,0
131,1,15.75,3,0,0.108088084443581,1
131,1,15.75,3,0.108088084443581,2.21968661112222,1
131,1,15.75,3,2.21968661112222,14.2492418458902,1
131,1,15.75,3,14.2492418458902,15.75,0
132,1,14.75,4,0,2.21219867248546,1
132,1,14.75,4,2.21219867248546,6.1097371506184,1
132,1,14.75,4,6.1097371506184,9.4797240789137,1
132,1,14.75,4,9.4797240789137,12.2195239890019,1
132,1,14.75,4,12.2195239890019,14.75,0
133,1,19.75,1,0,1.5110210495123,1
133,1,19.75,1,1.5110210495123,19.75,0
134,1,17.75,3,0,3.38678072835637,1
134,1,17.75,3,3.38678072835637,8.47722665180812,1
134,1,17.75,3,8.47722665180812,14.2428369998363,1
134,1,17.75,3,14.2428369998363,17.75,0
135,1,13.75,1,0,12.9907316672004,1
135,1,13.75,1,12.9907316672004,13.75,0
136,1,11.75,2,0,5.33431005556646,1
136,1,11.75,2,5.33431005556646,7.41037992084252,1
136,1,11.75,2,7.41037992084252,11.75,0
137,1,11.75,0,0,11.75,0
138,1,17.75,4,0,1.55966647363596,1
138,1,17.75,4,1.55966647363596,7.45156219706828,1
138,1,17.75,4,7.45156219706828,8.84041349389727,1
138,1,17.75,4,8.84041349389727,12.3724787538302,1
138,1,17.75,4,12.3724787538302,17.75,0
139,1,13.75,1,0,10.5025483658469,1
139,1,13.75,1,10.5025483658469,13.75,0
140,1,16.75,1,0,0.868016446466258,1
140,1,16.75,1,0.868016446466258,16.75,0
141,1,14.75,0,0,14.75,0
142,1,8.75,2,0,0.523669626502153,1
142,1,8.75,2,0.523669626502153,1.7333202226617,1
142,1,8.75,2,1.7333202226617,8.75,0
143,1,19.75,0,0,19.75,0
144,1,12.75,2,0,6.65859256091558,1
144,1,12.75,2,6.65859256091558,7.75487761892674,1
144,1,12.75,2,7.75487761892674,12.75,0
145,1,11.75,1,0,11.6724263731476,1
145,1,11.75,1,11.6724263731476,11.75,0
146,1,17.75,11,0,1.65164644904285,1
146,1,17.75,11,1.65164644904285,3.43754038785769,1
146,1,17.75,11,3.43754038785769,4.09731415238115,1
146,1,17.75,11,4.09731415238115,4.47338150968735,1
146,1,17.75,11,4.47338150968735,7.10232757216479,1
146,1,17.75,11,7.10232757216479,7.2271588218398,1
146,1,17.75,11,7.2271588218398,9.7185109830992,1
146,1,17.75,11,9.7185109830992,10.3292157723602,1
146,1,17.75,11,10.3292157723602,12.2184685354755,1
146,1,17.75,11,12.2184685354755,16.762143877007,1
146,1,17.75,11,16.762143877007,17.3745752488895,1
146,1,17.75,11,17.3745752488895,17.75,0
147,1,19.75,4,0,7.46035317871069,1
147,1,19.75,4,7.46035317871069,10.4964734776618,1
147,1,19.75,4,10.4964734776618,12.4695219850341,1
147,1,19.75,4,12.4695219850341,14.5454898924738,1
147,1,19.75,4,14.5454898924738,19.75,0
148,1,19.75,2,0,12.8679813420719,1
148,1,19.75,2,12.8679813420719,13.3305802805526,1
148,1,19.75,2,13.3305802805526,19.75,0
149,1,18.75,9,0,7.62593507486978,1
149,1,18.75,9,7.62593507486978,8.87665337484068,1
149,1,18.75,9,8.87665337484068,9.12679366378025,1
149,1,18.75,9,9.12679366378025,9.27601089029511,1
149,1,18.75,9,9.27601089029511,11.5101833560412,1
149,1,18.75,9,11.5101833560412,12.5247423473247,1
149,1,18.75,9,12.5247423473247,13.2916895420923,1
149,1,18.75,9,13.2916895420923,17.3758054698818,1
149,1,18.75,9,17.3758054698818,18.0409343642267,1
149,1,18.75,9,18.0409343642267,18.75,0
150,1,18.75,1,0,7.07321525118702,1
150,1,18.75,1,7.07321525118702,18.75,0
151,1,12.75,1,0,9.36002953791032,1
151,1,12.75,1,9.36002953791032,12.75,0
152,1,16.75,4,0,3.76592630457226,1
152,1,16.75,4,3.76592630457226,7.90294290181697,1
152,1,16.75,4,7.90294290181697,12.2325617700523,1
152,1,16.75,4,12.2325617700523,15.9588152006648,1
152,1,16.75,4,15.9588152006648,16.75,0
153,1,18.75,1,0,15.3951539551816,1
153,1,18.75,1,15.3951539551816,18.75,0
154,1,8.75,1,0,3.76208472672979,1
154,1,8.75,1,3.76208472672979,8.75,0
155,1,14.75,1,0,10.0657402048161,1
155,1,14.75,1,10.0657402048161,14.75,0
156,1,8.75,0,0,8.75,0
157,1,8.75,2,0,5.34498265441621,1
157,1,8.75,2,5.34498265441621,6.90847416751074,1
157,1,8.75,2,6.90847416751074,8.75,0
158,1,16.75,8,0,5.94728917620495,1
158,1,16.75,8,5.94728917620495,8.32817515264141,1
158,1,16.75,8,8.32817515264141,8.75019733604008,1
158,1,16.75,8,8.75019733604008,12.1843487037247,1
158,1,16.75,8,12.1843487037247,13.80536898568,1
158,1,16.75,8,13.80536898568,14.06635285697,1
158,1,16.75,8,14.06635285697,15.188967659141,1
158,1,16.75,8,15.188967659141,15.5962490140004,1
158,1,16.75,8,15.5962490140004,16.75,0
159,1,15.75,0,0,15.75,0
160,1,12.75,3,0,2.50760671917341,1
160,1,12.75,3,2.50760671917341,5.0659070320794,1
160,1,12.75,3,5.0659070320794,7.1703156212489,1
160,1,12.75,3,7.1703156212489,12.75,0
161,1,11.75,3,0,1.7486191466032,1
161,1,11.75,3,1.7486191466032,7.43944641921522,1
161,1,11.75,3,7.43944641921522,8.74277116434888,1
161,1,11.75,3,8.74277116434888,11.75,0
162,1,18.75,0,0,18.75,0
163,1,18.75,2,0,11.6130631981473,1
163,1,18.75,2,11.6130631981473,16.4081054769037,1
163,1,18.75,2,16.4081054769037,18.75,0
164,1,10.75,0,0,10.75,0
165,1,14.75,3,0,1.58478206818947,1
165,1,14.75,3,1.58478206818947,7.48745291867648,1
165,1,14.75,3,7.48745291867648,10.1284171376789,1
165,1,14.75,3,10.1284171376789,14.75,0
166,1,17.75,9,0,1.17746993078511,1
166,1,17.75,9,1.17746993078511,4.01858017838213,1
166,1,17.75,9,4.01858017838213,4.13357136718989,1
166,1,17.75,9,4.13357136718989,6.52395892334114,1
166,1,17.75,9,6.52395892334114,9.37888753016654,1
166,1,17.75,9,9.37888753016654,13.5516341610511,1
166,1,17.75,9,13.5516341610511,14.7969263318794,1
166,1,17.75,9,14.7969263318794,16.7832724921832,1
166,1,17.75,9,16.7832724921832,17.4141400444866,1
166,1,17.75,9,17.4141400444866,17.75,0
167,1,11.75,1,0,10.9066701984725,1
167,1,11.75,1,10.9066701984725,11.75,0
168,1,10.75,2,0,2.02544399090638,1
168,1,10.75,2,2.02544399090638,6.00939975955271,1
168,1,10.75,2,6.00939975955271,10.75,0
169,1,17.75,7,0,2.36707278551364,1
169,1,17.75,7,2.36707278551364,6.29404551735779,1
169,1,17.75,7,6.29404551735779,10.079295388214,1
169,1,17.75,7,10.079295388214,10.1990102618092,1
169,1,17.75,7,10.1990102618092,10.794080262562,1
169,1,17.75,7,10.794080262562,12.2303657424581,1
169,1,17.75,7,12.2303657424581,15.6267612120736,1
169,1,17.75,7,15.6267612120736,17.75,0
170,1,15.75,0,0,15.75,0
171,1,17.75,1,0,7.6041077200612,1
171,1,17.75,1,7.6041077200612,17.75,0
172,1,18.75,1,0,12.6137197094046,1
172,1,18.75,1,12.6137197094046,18.75,0
173,1,17.75,1,0,3.87755713690422,1
173,1,17.75,1,3.87755713690422,17.75,0
174,1,10.75,1,0,1.36076956685588,1
174,1,10.75,1,1.36076956685588,10.75,0
175,1,13.75,3,0,4.46492299039032,1
175,1,13.75,3,4.46492299039032,7.81627294431643,1
175,1,13.75,3,7.81627294431643,13.6786246910537,1
175,1,13.75,3,13.6786246910537,13.75,0
176,1,16.75,0,0,16.75,0
177,1,14.75,7,0,2.66495450912292,1
177,1,14.75,7,2.66495450912292,4.76457395202707,1
177,1,14.75,7,4.76457395202707,11.526314161422,1
177,1,14.75,7,11.526314161422,12.2573368391828,1
177,1,14.75,7,12.2573368391828,13.2782830057128,1
177,1,14.75,7,13.2782830057128,13.8318115555422,1
177,1,14.75,7,13.8318115555422,14.0556326638788,1
177,1,14.75,7,14.0556326638788,14.75,0
178,1,14.75,6,0,3.82429890298072,1
178,1,14.75,6,3.82429890298072,4.70121628139117,1
178,1,14.75,6,4.70121628139117,5.27698556877259,1
178,1,14.75,6,5.27698556877259,7.75264528486938,1
178,1,14.75,6,7.75264528486938,8.01663894371061,1
178,1,14.75,6,8.01663894371061,12.1828610893561,1
178,1,14.75,6,12.1828610893561,14.75,0
179,1,13.75,3,0,0.965876675854073,1
179,1,13.75,3,0.965876675854073,9.10536274169928,1
179,1,13.75,3,9.10536274169928,13.6301269401588,1
179,1,13.75,3,13.6301269401588,13.75,0
180,1,11.75,0,0,11.75,0
181,1,20.75,3,0,7.96860730966445,1
181,1,20.75,3,7.96860730966445,9.6877843093763,1
181,1,20.75,3,9.6877843093763,13.0926210387592,1
181,1,20.75,3,13.0926210387592,20.75,0
182,1,16.75,0,0,16.75,0
183,1,17.75,6,0,2.80986735271525,1
183,1,17.75,6,2.80986735271525,3.39923251680356,1
183,1,17.75,6,3.39923251680356,9.90786124614311,1
183,1,17.75,6,9.90786124614311,11.1426758969132,1
183,1,17.75,6,11.1426758969132,13.8296119663895,1
183,1,17.75,6,13.8296119663895,15.0737982814563,1
183,1,17.75,6,15.0737982814563,17.75,0
184,1,19.75,2,0,9.99827614433105,1
184,1,19.75,2,9.99827614433105,19.2778880994812,1
184,1,19.75,2,19.2778880994812,19.75,0
185,1,15.75,3,0,0.157867590045531,1
185,1,15.75,3,0.157867590045531,8.18364073352324,1
185,1,15.75,3,8.18364073352324,8.5096644189229,1
185,1,15.75,3,8.5096644189229,15.75,0
186,1,15.75,1,0,4.91632527820759,1
186,1,15.75,1,4.91632527820759,15.75,0
187,1,11.75,6,0,3.1887248494719,1
187,1,11.75,6,3.1887248494719,3.22443636150189,1
187,1,11.75,6,3.22443636150189,3.65854128213051,1
187,1,11.75,6,3.65854128213051,5.97674733131604,1
187,1,11.75,6,5.97674733131604,6.75266666766005,1
187,1,11.75,6,6.75266666766005,7.60392133682417,1
187,1,11.75,6,7.60392133682417,11.75,0
188,1,10.75,1,0,5.81266106046271,1
188,1,10.75,1,5.81266106046271,10.75,0
189,1,13.75,1,0,11.1158828340912,1
189,1,13.75,1,11.1158828340912,13.75,0
190,1,17.75,1,0,17.6710595903473,1
190,1,17.75,1,17.6710595903473,17.75,0
191,1,15.75,1,0,3.42954922485562,1
191,1,15.75,1,3.42954922485562,15.75,0
192,1,14.75,1,0,14.5599413316718,1
192,1,14.75,1,14.5599413316718,14.75,0
193,1,12.75,2,0,6.56787743653942,1
193,1,12.75,2,6.56787743653942,7.01071503568719,1
193,1,12.75,2,7.01071503568719,12.75,0
194,1,9.75,0,0,9.75,0
195,1,14.75,1,0,8.62109903744979,1
195,1,14.75,1,8.62109903744979,14.75,0
196,1,18.75,1,0,11.4003400599977,1
196,1,18.75,1,11.4003400599977,18.75,0
197,1,9.75,2,0,3.0625475518359,1
197,1,9.75,2,3.0625475518359,3.75873708264148,1
197,1,9.75,2,3.75873708264148,9.75,0
198,1,9.75,3,0,4.16010743581622,1
198,1,9.75,3,4.16010743581622,5.35929003570955,1
198,1,9.75,3,5.35929003570955,9.49332602937392,1
198,1,9.75,3,9.49332602937392,9.75,0
199,1,16.75,0,0,16.75,0
200,1,14.75,0,0,14.75,0
201,1,14.75,1,0,5.62033207519605,1
201,1,14.75,1,5.62033207519605,14.75,0
202,1,14.75,2,0,7.29492550233922,1
202,1,14.75,2,7.29492550233922,14.6233455545692,1
202,1,14.75,2,14.6233455545692,14.75,0
203,1,15.75,0,0,15.75,0
204,1,12.75,2,0,2.99226661807433,1
204,1,12.75,2,2.99226661807433,3.93410604701475,1
204,1,12.75,2,3.93410604701475,12.75,0
205,1,13.75,0,0,13.75,0
206,1,17.75,5,0,1.52771269666786,1
206,1,17.75,5,1.52771269666786,14.4949275863206,1
206,1,17.75,5,14.4949275863206,14.5661560269179,1
206,1,17.75,5,14.5661560269179,15.6259524650541,1
206,1,17.75,5,15.6259524650541,15.795304564759,1
206,1,17.75,5,15.795304564759,17.75,0
207,1,10.75,2,0,3.57389545627841,1
207,1,10.75,2,3.57389545627841,3.99213380140821,1
207,1,10.75,2,3.99213380140821,10.75,0
208,1,15.75,2,0,10.1976507714351,1
208,1,15.75,2,10.1976507714351,12.0435149934558,1
208,1,15.75,2,12.0435149934558,15.75,0
209,1,17.75,8,0,2.45130968277816,1
209,1,17.75,8,2.45130968277816,4.66961478191725,1
209,1,17.75,8,4.66961478191725,7.80919990845811,1
209,1,17.75,8,7.80919990845811,9.86872385253326,1
209,1,17.75,8,9.86872385253326,10.3332177199626,1
209,1,17.75,8,10.3332177199626,10.796334657282,1
209,1,17.75,8,10.796334657282,16.7304427685202,1
209,1,17.75,8,16.7304427685202,16.9407629498526,1
209,1,17.75,8,16.9407629498526,17.75,0
210,1,8.75,1,0,4.56231331683014,1
210,1,8.75,1,4.56231331683014,8.75,0
211,1,20.75,4,0,2.57530027931776,1
211,1,20.75,4,2.57530027931776,15.4458784585551,1
211,1,20.75,4,15.4458784585551,15.9123663658576,1
211,1,20.75,4,15.9123663658576,16.1741542735373,1
211,1,20.75,4,16.1741542735373,20.75,0
212,1,11.75,1,0,2.2570135633801,1
212,1,11.75,1,2.2570135633801,11.75,0
213,1,8.75,0,0,8.75,0
214,1,9.75,1,0,7.70462678465559,1
214,1,9.75,1,7.70462678465559,9.75,0
215,1,14.75,1,0,6.57109896579733,1
215,1,14.75,1,6.57109896579733,14.75,0
216,1,14.75,0,0,14.75,0
217,1,13.75,1,0,11.5749184798013,1
217,1,13.75,1,11.5749184798013,13.75,0
218,1,14.75,4,0,2.22446509972745,1
218,1,14.75,4,2.22446509972745,4.06121297888479,1
218,1,14.75,4,4.06121297888479,8.83815576772734,1
218,1,14.75,4,8.83815576772734,12.4946702734899,1
218,1,14.75,4,12.4946702734899,14.75,0
219,1,18.75,3,0,3.60721478896769,1
219,1,18.75,3,3.60721478896769,9.8174181953279,1
219,1,18.75,3,9.8174181953279,13.9086830707758,1
219,1,18.75,3,13.9086830707758,18.75,0
220,1,8.75,0,0,8.75,0
221,1,11.75,3,0,6.09955001757332,1
221,1,11.75,3,6.09955001757332,8.62622228012813,1
221,1,11.75,3,8.62622228012813,9.3844514743832,1
221,1,11.75,3,9.3844514743832,11.75,0
222,1,8.75,3,0,4.10956368732681,1
222,1,8.75,3,4.10956368732681,5.16804585639065,1
222,1,8.75,3,5.16804585639065,8.44059253979501,1
222,1,8.75,3,8.44059253979501,8.75,0
223,1,14.75,5,0,4.31888879246025,1
223,1,14.75,5,4.31888879246025,6.40705749031614,1
223,1,14.75,5,6.40705749031614,7.64119762482162,1
223,1,14.75,5,7.64119762482162,10.1622266763988,1
223,1,14.75,5,10.1622266763988,11.4137161955663,1
223,1,14.75,5,11.4137161955663,14.75,0
224,1,15.75,3,0,2.46816680213962,1
224,1,15.75,3,2.46816680213962,4.00267804335705,1
224,1,15.75,3,4.00267804335705,7.99495074041455,1
224,1,15.75,3,7.99495074041455,15.75,0
225,1,13.75,4,0,7.44691920046354,1
225,1,13.75,4,7.44691920046354,9.36393718660558,1
225,1,13.75,4,9.36393718660558,13.2801747340866,1
225,1,13.75,4,13.2801747340866,13.688499858109,1
225,1,13.75,4,13.688499858109,13.75,0
226,1,14.75,1,0,11.848767056207,1
226,1,14.75,1,11.848767056207,14.75,0
227,1,16.75,0,0,16.75,0
228,1,20.75,6,0,0.306239807138862,1
228,1,20.75,6,0.306239807138862,0.619324640048714,1
228,1,20.75,6,0.619324640048714,10.0055834137133,1
228,1,20.75,6,10.0055834137133,15.2639320248378,1
228,1,20.75,6,15.2639320248378,15.2818291443512,1
228,1,20.75,6,15.2818291443512,18.3518831917598,1
228,1,20.75,6,18.3518831917598,20.75,0
229,1,18.75,2,0,6.36790395152202,1
229,1,18.75,2,6.36790395152202,13.4381029396498,1
229,1,18.75,2,13.4381029396498,18.75,0
230,1,13.75,0,0,13.75,0
231,1,14.75,1,0,10.5807153969598,1
231,1,14.75,1,10.5807153969598,14.75,0
232,1,10.75,3,0,1.63903370232494,1
232,1,10.75,3,1.63903370232494,3.2410629479732,1
232,1,10.75,3,3.2410629479732,8.22023633708007,1
232,1,10.75,3,8.22023633708007,10.75,0
233,1,11.75,3,0,0.88883969695447,1
233,1,11.75,3,0.88883969695447,2.47506242372892,1
233,1,11.75,3,2.47506242372892,7.59476079023631,1
233,1,11.75,3,7.59476079023631,11.75,0
234,1,13.75,1,0,4.15944184411969,1
234,1,13.75,1,4.15944184411969,13.75,0
235,1,17.75,0,0,17.75,0
236,1,18.75,5,0,1.15180859971467,1
236,1,18.75,5,1.15180859971467,6.32370472992847,1
236,1,18.75,5,6.32370472992847,12.1667833329409,1
236,1,18.75,5,12.1667833329409,14.6888583928555,1
236,1,18.75,5,14.6888583928555,14.760404362313,1
236,1,18.75,5,14.760404362313,18.75,0
237,1,18.75,1,0,11.8014246775999,1
237,1,18.75,1,11.8014246775999,18.75,0
238,1,10.75,0,0,10.75,0
239,1,16.75,3,0,5.1380497151605,1
239,1,16.75,3,5.1380497151605,5.48577042845863,1
239,1,16.75,3,5.48577042845863,14.9192822373674,1
239,1,16.75,3,14.9192822373674,16.75,0
240,1,9.75,1,0,4.0078263698532,1
240,1,9.75,1,4.0078263698532,9.75,0
241,1,10.75,3,0,3.69678117044301,1
241,1,10.75,3,3.69678117044301,5.40353882187134,1
241,1,10.75,3,5.40353882187134,7.17697819313534,1
241,1,10.75,3,7.17697819313534,10.75,0
242,1,13.75,2,0,1.71917204108202,1
242,1,13.75,2,1.71917204108202,6.2526010153459,1
242,1,13.75,2,6.2526010153459,13.75,0
243,1,15.75,1,0,7.98983214696352,1
243,1,15.75,1,7.98983214696352,15.75,0
244,1,14.75,0,0,14.75,0
245,1,11.75,4,0,4.57292774017563,1
245,1,11.75,4,4.57292774017563,6.46523343327006,1
245,1,11.75,4,6.46523343327006,8.24336117505393,1
245,1,11.75,4,8.24336117505393,10.3551827028413,1
245,1,11.75,4,10.3551827028413,11.75,0
246,1,11.75,0,0,11.75,0
247,1,11.75,1,0,3.01894561525877,1
247,1,11.75,1,3.01894561525877,11.75,0
248,1,10.75,0,0,10.75,0
249,1,17.75,1,0,6.5122414371125,1
249,1,17.75,1,6.5122414371125,17.75,0
250,1,14.75,2,0,0.589361559093336,1
250,1,14.75,2,0.589361559093336,7.6187442230476,1
250,1,14.75,2,7.6187442230476,14.75,0
251,1,17.75,3,0,3.29152106303442,1
251,1,17.75,3,3.29152106303442,8.28903580159821,1
251,1,17.75,3,8.28903580159821,8.63017539528849,1
251,1,17.75,3,8.63017539528849,17.75,0
252,1,16.75,5,0,0.0230968559790608,1
252,1,16.75,5,0.0230968559790608,2.20194107172258,1
252,1,16.75,5,2.20194107172258,12.4398080059783,1
252,1,16.75,5,12.4398080059783,14.100720540614,1
252,1,16.75,5,14.100720540614,14.3825694493259,1
252,1,16.75,5,14.3825694493259,16.75,0
253,1,16.75,2,0,8.33423753375293,1
253,1,16.75,2,8.33423753375293,10.606977973969,1
253,1,16.75,2,10.606977973969,16.75,0
254,1,12.75,1,0,5.51351992498237,1
254,1,12.75,1,5.51351992498237,12.75,0
255,1,8.75,2,0,1.19566153012075,1
255,1,8.75,2,1.19566153012075,4.87567634261865,1
255,1,8.75,2,4.87567634261865,8.75,0
256,1,13.75,3,0,7.12456039243564,1
256,1,13.75,3,7.12456039243564,9.36166572887403,1
256,1,13.75,3,9.36166572887403,9.37410098003753,1
256,1,13.75,3,9.37410098003753,13.75,0
257,1,13.75,2,0,2.23603277516988,1
257,1,13.75,2,2.23603277516988,6.06350265370672,1
257,1,13.75,2,6.06350265370672,13.75,0
258,1,18.75,1,0,8.69615562095115,1
258,1,18.75,1,8.69615562095115,18.75,0
259,1,9.75,2,0,0.679849145824763,1
259,1,9.75,2,0.679849145824763,2.71450652281112,1
259,1,9.75,2,2.71450652281112,9.75,0
260,1,20.75,6,0,0.207421583620379,1
260,1,20.75,6,0.207421583620379,0.337897409832939,1
260,1,20.75,6,0.337897409832939,10.9262842328236,1
260,1,20.75,6,10.9262842328236,12.2587140401768,1
260,1,20.75,6,12.2587140401768,14.9339554914548,1
260,1,20.75,6,14.9339554914548,15.3749777666453,1
260,1,20.75,6,15.3749777666453,20.75,0
261,1,9.75,1,0,7.13112401359514,1
261,1,9.75,1,7.13112401359514,9.75,0
262,1,15.75,5,0,2.80293559393595,1
262,1,15.75,5,2.80293559393595,7.67121661510397,1
262,1,15.75,5,7.67121661510397,8.61565731874314,1
262,1,15.75,5,8.61565731874314,14.1063953274513,1
262,1,15.75,5,14.1063953274513,15.3147001453738,1
262,1,15.75,5,15.3147001453738,15.75,0
263,1,16.75,2,0,2.33597437687946,1
263,1,16.75,2,2.33597437687946,7.35583533426362,1
263,1,16.75,2,7.35583533426362,16.75,0
264,1,12.75,4,0,3.36327723832965,1
264,1,12.75,4,3.36327723832965,5.66274899244428,1
264,1,12.75,4,5.66274899244428,7.68827872438206,1
264,1,12.75,4,7.68827872438206,10.047024916399,1
264,1,12.75,4,10.047024916399,12.75,0
265,1,11.75,1,0,11.2348845310056,1
265,1,11.75,1,11.2348845310056,11.75,0
266,1,11.75,0,0,11.75,0
267,1,17.75,0,0,17.75,0
268,1,14.75,7,0,3.71716781571337,1
268,1,14.75,7,3.71716781571337,3.91232256914949,1
268,1,14.75,7,3.91232256914949,7.6525237559455,1
268,1,14.75,7,7.6525237559455,9.15761070212391,1
268,1,14.75,7,9.15761070212391,10.8679219712301,1
268,1,14.75,7,10.8679219712301,11.1826842622773,1
268,1,14.75,7,11.1826842622773,13.6478379704312,1
268,1,14.75,7,13.6478379704312,14.75,0
269,1,15.75,3,0,2.88992322291366,1
269,1,15.75,3,2.88992322291366,5.84334039052997,1
269,1,15.75,3,5.84334039052997,8.95602782070787,1
269,1,15.75,3,8.95602782070787,15.75,0
270,1,16.75,0,0,16.75,0
271,1,10.75,0,0,10.75,0
272,1,13.75,2,0,8.97018676591832,1
272,1,13.75,2,8.97018676591832,10.4745039965578,1
272,1,13.75,2,10.4745039965578,13.75,0
273,1,12.75,3,0,2.23647571105598,1
273,1,12.75,3,2.23647571105598,6.39016549668952,1
273,1,12.75,3,6.39016549668952,10.7600594646298,1
273,1,12.75,3,10.7600594646298,12.75,0
274,1,13.75,6,0,2.72442688320116,1
274,1,13.75,6,2.72442688320116,5.49343905497069,1
274,1,13.75,6,5.49343905497069,6.48636483180132,1
274,1,13.75,6,6.48636483180132,9.89616824133361,1
274,1,13.75,6,9.89616824133361,10.4100592521227,1
274,1,13.75,6,10.4100592521227,12.7709567161958,1
274,1,13.75,6,12.7709567161958,13.75,0
275,1,13.75,0,0,13.75,0
276,1,12.75,0,0,12.75,0
277,1,11.75,2,0,1.66203355901234,1
277,1,11.75,2,1.66203355901234,5.99707368721595,1
277,1,11.75,2,5.99707368721595,11.75,0
278,1,20.75,4,0,2.73587058682686,1
278,1,20.75,4,2.73587058682686,6.90257169767986,1
278,1,20.75,4,6.90257169767986,16.1109197591371,1
278,1,20.75,4,16.1109197591371,19.7128097103633,1
278,1,20.75,4,19.7128097103633,20.75,0
279,1,18.75,8,0,1.67160073447971,1
279,1,18.75,8,1.67160073447971,3.69370512752365,1
279,1,18.75,8,3.69370512752365,4.22379475497558,1
279,1,18.75,8,4.22379475497558,4.5025939556521,1
279,1,18.75,8,4.5025939556521,6.20523097654862,1
279,1,18.75,8,6.20523097654862,9.44080302115041,1
279,1,18.75,8,9.44080302115041,12.1822647706818,1
279,1,18.75,8,12.1822647706818,12.3084166753541,1
279,1,18.75,8,12.3084166753541,18.75,0
280,1,8.75,3,0,0.07041655848666,1
280,1,8.75,3,0.07041655848666,1.89157099204075,1
280,1,8.75,3,1.89157099204075,2.71701525992989,1
280,1,8.75,3,2.71701525992989,8.75,0
281,1,9.75,2,0,2.63253628813995,1
281,1,9.75,2,2.63253628813995,5.76530789991802,1
281,1,9.75,2,5.76530789991802,9.75,0
282,1,13.75,1,0,11.3220728644419,1
282,1,13.75,1,11.3220728644419,13.75,0
283,1,18.75,1,0,3.97991228956791,1
283,1,18.75,1,3.97991228956791,18.75,0
284,1,16.75,2,0,11.1136918072132,1
284,1,16.75,2,11.1136918072132,11.595462913666,1
284,1,16.75,2,11.595462913666,16.75,0
285,1,9.75,2,0,3.40163967180625,1
285,1,9.75,2,3.40163967180625,8.24261543066177,1
285,1,9.75,2,8.24261543066177,9.75,0
286,1,8.75,0,0,8.75,0
287,1,8.75,0,0,8.75,0
288,1,16.75,8,0,3.3493146774279,1
288,1,16.75,8,3.3493146774279,6.06569450256728,1
288,1,16.75,8,6.06569450256728,6.26042194036955,1
288,1,16.75,8,6.26042194036955,8.40480463863928,1
288,1,16.75,8,8.40480463863928,9.56774543597696,1
288,1,16.75,8,9.56774543597696,12.470517800565,1
288,1,16.75,8,12.470517800565,13.4723209283836,1
288,1,16.75,8,13.4723209283836,14.4775411860758,1
288,1,16.75,8,14.4775411860758,16.75,0
289,1,13.75,1,0,11.8666360111089,1
289,1,13.75,1,11.8666360111089,13.75,0
290,1,16.75,4,0,1.45982364820638,1
290,1,16.75,4,1.45982364820638,12.8148307433045,1
290,1,16.75,4,12.8148307433045,12.9431496179773,1
290,1,16.75,4,12.9431496179773,14.9647359819261,1
290,1,16.75,4,14.9647359819261,16.75,0
291,1,8.75,0,0,8.75,0
292,1,11.75,1,0,3.67399489775039,1
292,1,11.75,1,3.67399489775039,11.75,0
293,1,8.75,0,0,8.75,0
294,1,8.75,0,0,8.75,0
295,1,15.75,0,0,15.75,0
296,1,14.75,1,0,4.95830008969822,1
296,1,14.75,1,4.95830008969822,14.75,0
297,1,12.75,3,0,0.143446122111373,1
297,1,12.75,3,0.143446122111373,2.96655293956339,1
297,1,12.75,3,2.96655293956339,6.58182517253482,1
297,1,12.75,3,6.58182517253482,12.75,0
298,1,12.75,0,0,12.75,0
299,1,18.75,7,0,4.16965986875518,1
299,1,18.75,7,4.16965986875518,5.17971944811029,1
299,1,18.75,7,5.17971944811029,6.40923343265753,1
299,1,18.75,7,6.40923343265753,9.34890605047747,1
299,1,18.75,7,9.34890605047747,11.8326113518654,1
299,1,18.75,7,11.8326113518654,12.2454565890328,1
299,1,18.75,7,12.2454565890328,14.7805562130651,1
299,1,18.75,7,14.7805562130651,18.75,0
300,1,17.75,1,0,2.63700069775474,1
300,1,17.75,1,2.63700069775474,17.75,0
301,0,14.75,3,0,6.52243928157464,1
301,0,14.75,3,6.52243928157464,7.77824067709449,1
301,0,14.75,3,7.77824067709449,8.73043762176178,1
301,0,14.75,3,8.73043762176178,14.75,0
302,0,13.75,3,0,0.683316884354694,1
302,0,13.75,3,0.683316884354694,8.15116846869387,1
302,0,13.75,3,8.15116846869387,12.5042489264601,1
302,0,13.75,3,12.5042489264601,13.75,0
303,0,11.75,1,0,6.47592042883183,1
303,0,11.75,1,6.47592042883183,11.75,0
304,0,14.75,3,0,1.23170229800237,1
304,0,14.75,3,1.23170229800237,6.80584957708733,1
304,0,14.75,3,6.80584957708733,8.93306369175999,1
304,0,14.75,3,8.93306369175999,14.75,0
305,0,13.75,1,0,12.034006712994,1
305,0,13.75,1,12.034006712994,13.75,0
306,0,10.75,0,0,10.75,0
307,0,11.75,1,0,5.20626799412774,1
307,0,11.75,1,5.20626799412774,11.75,0
308,0,11.75,0,0,11.75,0
309,0,16.75,2,0,0.407900644668734,1
309,0,16.75,2,0.407900644668734,3.38387150371713,1
309,0,16.75,2,3.38387150371713,16.75,0
310,0,16.75,2,0,8.3923532008727,1
310,0,16.75,2,8.3923532008727,12.7515901326033,1
310,0,16.75,2,12.7515901326033,16.75,0
311,0,8.75,1,0,3.36119526572768,1
311,0,8.75,1,3.36119526572768,8.75,0
312,0,17.75,1,0,4.08995228584257,1
312,0,17.75,1,4.08995228584257,17.75,0
313,0,16.75,0,0,16.75,0
314,0,18.75,2,0,2.29136001436513,1
314,0,18.75,2,2.29136001436513,11.7925030907795,1
314,0,18.75,2,11.7925030907795,18.75,0
315,0,8.75,1,0,3.09800757474172,1
315,0,8.75,1,3.09800757474172,8.75,0
316,0,11.75,2,0,1.3606328004352,1
316,0,11.75,2,1.3606328004352,2.99382033907082,1
316,0,11.75,2,2.99382033907082,11.75,0
317,0,14.75,1,0,12.9293627194216,1
317,0,14.75,1,12.9293627194216,14.75,0
318,0,10.75,1,0,0.551775932612622,1
318,0,10.75,1,0.551775932612622,10.75,0
319,0,13.75,4,0,3.99730890671337,1
319,0,13.75,4,3.99730890671337,4.68744051410919,1
319,0,13.75,4,4.68744051410919,12.3723086269338,1
319,0,13.75,4,12.3723086269338,13.1409968913314,1
319,0,13.75,4,13.1409968913314,13.75,0
320,0,15.75,3,0,7.62525898481,1
320,0,15.75,3,7.62525898481,15.0501196601152,1
320,0,15.75,3,15.0501196601152,15.2354158098773,1
320,0,15.75,3,15.2354158098773,15.75,0
321,0,12.75,0,0,12.75,0
322,0,17.75,2,0,0.842212114492784,1
322,0,17.75,2,0.842212114492784,2.32604070433034,1
322,0,17.75,2,2.32604070433034,17.75,0
323,0,17.75,1,0,1.41275009196688,1
323,0,17.75,1,1.41275009196688,17.75,0
324,0,18.75,2,0,3.64268102933753,1
324,0,18.75,2,3.64268102933753,12.9956232275754,1
324,0,18.75,2,12.9956232275754,18.75,0
325,0,16.75,3,0,14.0211414666512,1
325,0,16.75,3,14.0211414666512,15.5651709636219,1
325,0,16.75,3,15.5651709636219,16.3587086018008,1
325,0,16.75,3,16.3587086018008,16.75,0
326,0,14.75,2,0,4.34394256221201,1
326,0,14.75,2,4.34394256221201,13.4844322771511,1
326,0,14.75,2,13.4844322771511,14.75,0
327,0,8.75,0,0,8.75,0
328,0,11.75,1,0,0.864906149764012,1
328,0,11.75,1,0.864906149764012,11.75,0
329,0,14.75,1,0,6.3966545187947,1
329,0,14.75,1,6.3966545187947,14.75,0
330,0,14.75,0,0,14.75,0
331,0,16.75,0,0,16.75,0
332,0,8.75,1,0,2.56116197211389,1
332,0,8.75,1,2.56116197211389,8.75,0
333,0,9.75,2,0,7.49767951739194,1
333,0,9.75,2,7.49767951739194,9.34853984174885,1
333,0,9.75,2,9.34853984174885,9.75,0
334,0,11.75,1,0,9.74963882378053,1
334,0,11.75,1,9.74963882378053,11.75,0
335,0,12.75,1,0,5.85899383419373,1
335,0,12.75,1,5.85899383419373,12.75,0
336,0,9.75,1,0,8.39757530240638,1
336,0,9.75,1,8.39757530240638,9.75,0
337,0,15.75,4,0,1.47842352733715,1
337,0,15.75,4,1.47842352733715,13.5912183419838,1
337,0,15.75,4,13.5912183419838,13.9722347925824,1
337,0,15.75,4,13.9722347925824,15.3957632292354,1
337,0,15.75,4,15.3957632292354,15.75,0
338,0,19.75,2,0,2.54219684349236,1
338,0,19.75,2,2.54219684349236,16.4168993649255,1
338,0,19.75,2,16.4168993649255,19.75,0
339,0,17.75,1,0,3.20520499122843,1
339,0,17.75,1,3.20520499122843,17.75,0
340,0,13.75,1,0,7.86387525565586,1
340,0,13.75,1,7.86387525565586,13.75,0
341,0,13.75,1,0,12.3890886808552,1
341,0,13.75,1,12.3890886808552,13.75,0
342,0,14.75,0,0,14.75,0
343,0,9.75,0,0,9.75,0
344,0,18.75,2,0,11.2452089609084,1
344,0,18.75,2,11.2452089609084,13.9266651001673,1
344,0,18.75,2,13.9266651001673,18.75,0
345,0,15.75,0,0,15.75,0
346,0,18.75,3,0,9.99518989256852,1
346,0,18.75,3,9.99518989256852,17.1380227303677,1
346,0,18.75,3,17.1380227303677,18.1418395119677,1
346,0,18.75,3,18.1418395119677,18.75,0
347,0,18.75,0,0,18.75,0
348,0,16.75,1,0,0.162484032625949,1
348,0,16.75,1,0.162484032625949,16.75,0
349,0,11.75,2,0,5.25265322155186,1
349,0,11.75,2,5.25265322155186,7.94846875243383,1
349,0,11.75,2,7.94846875243383,11.75,0
350,0,19.75,0,0,19.75,0
351,0,18.75,1,0,10.0398564020279,1
351,0,18.75,1,10.0398564020279,18.75,0
352,0,18.75,0,0,18.75,0
353,0,8.75,0,0,8.75,0
354,0,16.75,1,0,14.1668924274424,1
354,0,16.75,1,14.1668924274424,16.75,0
355,0,11.75,0,0,11.75,0
356,0,16.75,2,0,5.43177031912198,1
356,0,16.75,2,5.43177031912198,12.7545396536408,1
356,0,16.75,2,12.7545396536408,16.75,0
357,0,14.75,4,0,2.40179707289564,1
357,0,14.75,4,2.40179707289564,4.99933090972314,1
357,0,14.75,4,4.99933090972314,8.58585896074778,1
357,0,14.75,4,8.58585896074778,12.1506977254461,1
357,0,14.75,4,12.1506977254461,14.75,0
358,0,16.75,1,0,12.5917824952847,1
358,0,16.75,1,12.5917824952847,16.75,0
359,0,14.75,1,0,11.0898614674639,1
359,0,14.75,1,11.0898614674639,14.75,0
360,0,13.75,1,0,13.3434280845743,1
360,0,13.75,1,13.3434280845743,13.75,0
361,0,12.75,1,0,1.92061392263389,1
361,0,12.75,1,1.92061392263389,12.75,0
362,0,19.75,1,0,2.93960744276129,1
362,0,19.75,1,2.93960744276129,19.75,0
363,0,18.75,2,0,10.424796809483,1
363,0,18.75,2,10.424796809483,17.142666283614,1
363,0,18.75,2,17.142666283614,18.75,0
364,0,10.75,3,0,4.12833823112706,1
364,0,10.75,3,4.12833823112706,5.93923942556156,1
364,0,10.75,3,5.93923942556156,8.27985127205667,1
364,0,10.75,3,8.27985127205667,10.75,0
365,0,8.75,0,0,8.75,0
366,0,14.75,2,0,0.782819869312316,1
366,0,14.75,2,0.782819869312316,8.95092576953788,1
366,0,14.75,2,8.95092576953788,14.75,0
367,0,19.75,3,0,5.58328525665055,1
367,0,19.75,3,5.58328525665055,6.6938070410928,1
367,0,19.75,3,6.6938070410928,6.82094653589486,1
367,0,19.75,3,6.82094653589486,19.75,0
368,0,14.75,1,0,5.29463018940391,1
368,0,14.75,1,5.29463018940391,14.75,0
369,0,14.75,0,0,14.75,0
370,0,14.75,5,0,4.43174497625598,1
370,0,14.75,5,4.43174497625598,5.95453440473997,1
370,0,14.75,5,5.95453440473997,8.82881186022545,1
370,0,14.75,5,8.82881186022545,11.5402714921341,1
370,0,14.75,5,11.5402714921341,12.4360569251698,1
370,0,14.75,5,12.4360569251698,14.75,0
371,0,13.75,2,0,4.13142349071168,1
371,0,13.75,2,4.13142349071168,4.62633505793847,1
371,0,13.75,2,4.62633505793847,13.75,0
372,0,11.75,1,0,9.60354709945612,1
372,0,11.75,1,9.60354709945612,11.75,0
373,0,10.75,2,0,5.12057788552007,1
373,0,10.75,2,5.12057788552007,10.7134054762952,1
373,0,10.75,2,10.7134054762952,10.75,0
374,0,10.75,4,0,0.480610163269435,1
374,0,10.75,4,0.480610163269435,3.11105390103699,1
374,0,10.75,4,3.11105390103699,7.29343477552177,1
374,0,10.75,4,7.29343477552177,9.53971971224926,1
374,0,10.75,4,9.53971971224926,10.75,0
375,0,16.75,2,0,5.00761402026225,1
375,0,16.75,2,5.00761402026225,14.4090798284195,1
375,0,16.75,2,14.4090798284195,16.75,0
376,0,15.75,2,0,9.17077137930235,1
376,0,15.75,2,9.17077137930235,15.4862387738319,1
376,0,15.75,2,15.4862387738319,15.75,0
377,0,13.75,1,0,4.49940171663926,1
377,0,13.75,1,4.49940171663926,13.75,0
378,0,11.75,1,0,4.25328606553362,1
378,0,11.75,1,4.25328606553362,11.75,0
379,0,18.75,6,0,1.13141477883602,1
379,0,18.75,6,1.13141477883602,3.82630814641988,1
379,0,18.75,6,3.82630814641988,9.61454515179319,1
379,0,18.75,6,9.61454515179319,9.90309029206944,1
379,0,18.75,6,9.90309029206944,14.8464620100554,1
379,0,18.75,6,14.8464620100554,18.0286283176158,1
379,0,18.75,6,18.0286283176158,18.75,0
380,0,10.75,0,0,10.75,0
381,0,12.75,0,0,12.75,0
382,0,13.75,0,0,13.75,0
383,0,17.75,3,0,1.96046095022983,1
383,0,17.75,3,1.96046095022983,10.4543815983355,1
383,0,17.75,3,10.4543815983355,11.3025158902377,1
383,0,17.75,3,11.3025158902377,17.75,0
384,0,19.75,1,0,7.27854001034735,1
384,0,19.75,1,7.27854001034735,19.75,0
385,0,8.75,0,0,8.75,0
386,0,9.75,0,0,9.75,0
387,0,13.75,0,0,13.75,0
388,0,16.75,0,0,16.75,0
389,0,12.75,0,0,12.75,0
390,0,14.75,2,0,2.9429205552823,1
390,0,14.75,2,2.9429205552823,8.36700069014037,1
390,0,14.75,2,8.36700069014037,14.75,0
391,0,11.75,0,0,11.75,0
392,0,19.75,1,0,9.40897361886246,1
392,0,19.75,1,9.40897361886246,19.75,0
393,0,20.75,1,0,18.1801032675672,1
393,0,20.75,1,18.1801032675672,20.75,0
394,0,9.75,0,0,9.75,0
395,0,13.75,0,0,13.75,0
396,0,12.75,4,0,1.66039683905381,1
396,0,12.75,4,1.66039683905381,1.7363059021339,1
396,0,12.75,4,1.7363059021339,3.03467251532811,1
396,0,12.75,4,3.03467251532811,4.71904963507037,1
396,0,12.75,4,4.71904963507037,12.75,0
397,0,13.75,3,0,5.18905205982314,1
397,0,13.75,3,5.18905205982314,8.23354451670613,1
397,0,13.75,3,8.23354451670613,9.03195878511163,1
397,0,13.75,3,9.03195878511163,13.75,0
398,0,17.75,1,0,13.9356093934071,1
398,0,17.75,1,13.9356093934071,17.75,0
399,0,7.75,1,0,0.0493700779160751,1
399,0,7.75,1,0.0493700779160751,7.75,0
400,0,15.75,1,0,6.2668866437148,1
400,0,15.75,1,6.2668866437148,15.75,0
401,0,11.75,2,0,3.44382374774461,1
401,0,11.75,2,3.44382374774461,8.54108422374991,1
401,0,11.75,2,8.54108422374991,11.75,0
402,0,19.75,2,0,10.9637711924237,1
402,0,19.75,2,10.9637711924237,13.1900559184429,1
402,0,19.75,2,13.1900559184429,19.75,0
403,0,17.75,0,0,17.75,0
404,0,9.75,2,0,1.29643355951836,1
404,0,9.75,2,1.29643355951836,5.11996213948538,1
404,0,9.75,2,5.11996213948538,9.75,0
405,0,12.75,1,0,9.48761826311715,1
405,0,12.75,1,9.48761826311715,12.75,0
406,0,15.75,3,0,1.44876257187009,1
406,0,15.75,3,1.44876257187009,7.68677976901895,1
406,0,15.75,3,7.68677976901895,10.8735146713193,1
406,0,15.75,3,10.8735146713193,15.75,0
407,0,15.75,4,0,3.69251575859444,1
407,0,15.75,4,3.69251575859444,3.7919862772703,1
407,0,15.75,4,3.7919862772703,12.7077699743302,1
407,0,15.75,4,12.7077699743302,15.0545024710562,1
407,0,15.75,4,15.0545024710562,15.75,0
408,0,11.75,0,0,11.75,0
409,0,11.75,3,0,0.909159070356329,1
409,0,11.75,3,0.909159070356329,5.37179900537196,1
409,0,11.75,3,5.37179900537196,5.44221657332594,1
409,0,11.75,3,5.44221657332594,11.75,0
410,0,15.75,2,0,3.8564664510009,1
410,0,15.75,2,3.8564664510009,15.2070602736802,1
410,0,15.75,2,15.2070602736802,15.75,0
411,0,10.75,0,0,10.75,0
412,0,11.75,2,0,0.0668941373390009,1
412,0,11.75,2,0.0668941373390009,1.21860480619234,1
412,0,11.75,2,1.21860480619234,11.75,0
413,0,9.75,1,0,3.4665836505622,1
413,0,9.75,1,3.4665836505622,9.75,0
414,0,15.75,2,0,3.03815125112525,1
414,0,15.75,2,3.03815125112525,10.5345626949901,1
414,0,15.75,2,10.5345626949901,15.75,0
415,0,15.75,2,0,3.78986058340979,1
415,0,15.75,2,3.78986058340979,5.3910481100799,1
415,0,15.75,2,5.3910481100799,15.75,0
416,0,10.75,0,0,10.75,0
417,0,11.75,0,0,11.75,0
418,0,18.75,2,0,7.28175520958061,1
418,0,18.75,2,7.28175520958061,18.6060292428454,1
418,0,18.75,2,18.6060292428454,18.75,0
419,0,16.75,0,0,16.75,0
420,0,8.75,1,0,0.599622206013977,1
420,0,8.75,1,0.599622206013977,8.75,0
421,0,7.75,1,0,2.5489326828766,1
421,0,7.75,1,2.5489326828766,7.75,0
422,0,13.75,1,0,0.0940602045099074,1
422,0,13.75,1,0.0940602045099074,13.75,0
423,0,14.75,0,0,14.75,0
424,0,12.75,2,0,2.00609502985447,1
424,0,12.75,2,2.00609502985447,2.07851146350335,1
424,0,12.75,2,2.07851146350335,12.75,0
425,0,13.75,2,0,9.13931639523719,1
425,0,13.75,2,9.13931639523719,12.1768066626605,1
425,0,13.75,2,12.1768066626605,13.75,0
426,0,12.75,0,0,12.75,0
427,0,13.75,2,0,2.88878309598667,1
427,0,13.75,2,2.88878309598667,8.65256157417314,1
427,0,13.75,2,8.65256157417314,13.75,0
428,0,11.75,0,0,11.75,0
429,0,11.75,0,0,11.75,0
430,0,10.75,2,0,3.31785252538508,1
430,0,10.75,2,3.31785252538508,10.3679782123187,1
430,0,10.75,2,10.3679782123187,10.75,0
431,0,12.75,1,0,0.747706652808076,1
431,0,12.75,1,0.747706652808076,12.75,0
432,0,17.75,0,0,17.75,0
433,0,8.75,0,0,8.75,0
434,0,17.75,0,0,17.75,0
435,0,8.75,1,0,4.16996732215358,1
435,0,8.75,1,4.16996732215358,8.75,0
436,0,8.75,0,0,8.75,0
437,0,10.75,1,0,3.4317035473097,1
437,0,10.75,1,3.4317035473097,10.75,0
438,0,14.75,0,0,14.75,0
439,0,14.75,2,0,2.00106701508718,1
439,0,14.75,2,2.00106701508718,7.7084019237747,1
439,0,14.75,2,7.7084019237747,14.75,0
440,0,13.75,0,0,13.75,0
441,0,12.75,2,0,1.0940896374037,1
441,0,12.75,2,1.0940896374037,7.44434947693928,1
441,0,12.75,2,7.44434947693928,12.75,0
442,0,10.75,1,0,6.98666695760727,1
442,0,10.75,1,6.98666695760727,10.75,0
443,0,9.75,0,0,9.75,0
444,0,15.75,1,0,4.05323948687848,1
444,0,15.75,1,4.05323948687848,15.75,0
445,0,11.75,0,0,11.75,0
446,0,11.75,1,0,9.12322428277537,1
446,0,11.75,1,9.12322428277537,11.75,0
447,0,7.75,3,0,4.08174854322856,1
447,0,7.75,3,4.08174854322856,5.62079370191343,1
447,0,7.75,3,5.62079370191343,7.12657631881871,1
447,0,7.75,3,7.12657631881871,7.75,0
448,0,9.75,2,0,1.45468733775184,1
448,0,9.75,2,1.45468733775184,2.32695787138416,1
448,0,9.75,2,2.32695787138416,9.75,0
449,0,15.75,2,0,3.97659270335423,1
449,0,15.75,2,3.97659270335423,6.58936558368375,1
449,0,15.75,2,6.58936558368375,15.75,0
450,0,10.75,0,0,10.75,0
451,0,13.75,1,0,7.78601469742319,1
451,0,13.75,1,7.78601469742319,13.75,0
452,0,15.75,2,0,4.97440198464638,1
452,0,15.75,2,4.97440198464638,15.5226680359467,1
452,0,15.75,2,15.5226680359467,15.75,0
453,0,13.75,3,0,6.36707268275076,1
453,0,13.75,3,6.36707268275076,6.50063121163218,1
453,0,13.75,3,6.50063121163218,12.3732555854522,1
453,0,13.75,3,12.3732555854522,13.75,0
454,0,9.75,2,0,0.0676902848379931,1
454,0,9.75,2,0.0676902848379931,0.674464448356809,1
454,0,9.75,2,0.674464448356809,9.75,0
455,0,13.75,1,0,7.62291755468373,1
455,0,13.75,1,7.62291755468373,13.75,0
456,0,14.75,2,0,5.15493267246801,1
456,0,14.75,2,5.15493267246801,13.4052349002819,1
456,0,14.75,2,13.4052349002819,14.75,0
457,0,17.75,3,0,6.53810664289201,1
457,0,17.75,3,6.53810664289201,8.92550359639755,1
457,0,17.75,3,8.92550359639755,13.8159555688842,1
457,0,17.75,3,13.8159555688842,17.75,0
458,0,9.75,0,0,9.75,0
459,0,11.75,0,0,11.75,0
460,0,12.75,3,0,5.7343820951914,1
460,0,12.75,3,5.7343820951914,10.2003998964297,1
460,0,12.75,3,10.2003998964297,11.570560427775,1
460,0,12.75,3,11.570560427775,12.75,0
461,0,13.75,2,0,6.54461080820109,1
461,0,13.75,2,6.54461080820109,8.36231250070342,1
461,0,13.75,2,8.36231250070342,13.75,0
462,0,12.75,0,0,12.75,0
463,0,10.75,1,0,6.07815633951865,1
463,0,10.75,1,6.07815633951865,10.75,0
464,0,17.75,5,0,6.55834818914844,1
464,0,17.75,5,6.55834818914844,10.2976860582751,1
464,0,17.75,5,10.2976860582751,10.5517593169715,1
464,0,17.75,5,10.5517593169715,15.0220415603547,1
464,0,17.75,5,15.0220415603547,17.463925737015,1
464,0,17.75,5,17.463925737015,17.75,0
465,0,11.75,2,0,0.897692353360734,1
465,0,11.75,2,0.897692353360734,3.78926049876438,1
465,0,11.75,2,3.78926049876438,11.75,0
466,0,12.75,0,0,12.75,0
467,0,12.75,2,0,6.00558488998572,1
467,0,12.75,2,6.00558488998572,9.90840433423082,1
467,0,12.75,2,9.90840433423082,12.75,0
468,0,11.75,0,0,11.75,0
469,0,9.75,3,0,3.24986444964903,1
469,0,9.75,3,3.24986444964903,6.57351154020083,1
469,0,9.75,3,6.57351154020083,8.60957911287091,1
469,0,9.75,3,8.60957911287091,9.75,0
470,0,20.75,2,0,9.55896354893371,1
470,0,20.75,2,9.55896354893371,10.1240775097478,1
470,0,20.75,2,10.1240775097478,20.75,0
471,0,16.75,1,0,4.30920706601714,1
471,0,16.75,1,4.30920706601714,16.75,0
472,0,11.75,0,0,11.75,0
473,0,11.75,1,0,7.20442345109164,1
473,0,11.75,1,7.20442345109164,11.75,0
474,0,12.75,0,0,12.75,0
475,0,20.75,6,0,1.56330316300597,1
475,0,20.75,6,1.56330316300597,9.43850032417383,1
475,0,20.75,6,9.43850032417383,10.4117326722952,1
475,0,20.75,6,10.4117326722952,10.8983827412344,1
475,0,20.75,6,10.8983827412344,14.5549644872934,1
475,0,20.75,6,14.5549644872934,14.8228615452129,1
475,0,20.75,6,14.8228615452129,20.75,0
476,0,7.75,0,0,7.75,0
477,0,15.75,0,0,15.75,0
478,0,14.75,2,0,9.32059202747643,1
478,0,14.75,2,9.32059202747643,13.9513266545147,1
478,0,14.75,2,13.9513266545147,14.75,0
479,0,10.75,0,0,10.75,0
480,0,11.75,0,0,11.75,0
481,0,19.75,0,0,19.75,0
482,0,15.75,1,0,10.7225552838081,1
482,0,15.75,1,10.7225552838081,15.75,0
483,0,15.75,3,0,4.7896314181061,1
483,0,15.75,3,4.7896314181061,6.77707232763301,1
483,0,15.75,3,6.77707232763301,10.5542562429172,1
483,0,15.75,3,10.5542562429172,15.75,0
484,0,19.75,0,0,19.75,0
485,0,19.75,2,0,10.0006605736394,1
485,0,19.75,2,10.0006605736394,16.2698770509857,1
485,0,19.75,2,16.2698770509857,19.75,0
486,0,17.75,1,0,12.4609842118756,1
486,0,17.75,1,12.4609842118756,17.75,0
487,0,8.75,0,0,8.75,0
488,0,9.75,1,0,8.83528491035788,1
488,0,9.75,1,8.83528491035788,9.75,0
489,0,20.75,3,0,14.5123778694293,1
489,0,20.75,3,14.5123778694293,19.5815405664923,1
489,0,20.75,3,19.5815405664923,20.6294543753223,1
489,0,20.75,3,20.6294543753223,20.75,0
490,0,10.75,1,0,1.06889613071102,1
490,0,10.75,1,1.06889613071102,10.75,0
491,0,14.75,3,0,2.60960769013025,1
491,0,14.75,3,2.60960769013025,7.82891888041425,1
491,0,14.75,3,7.82891888041425,12.2565579841519,1
491,0,14.75,3,12.2565579841519,14.75,0
492,0,12.75,1,0,1.91769919694606,1
492,0,12.75,1,1.91769919694606,12.75,0
493,0,12.75,1,0,6.904259708305,1
493,0,12.75,1,6.904259708305,12.75,0
494,0,7.75,1,0,0.749466200049425,1
494,0,7.75,1,0.749466200049425,7.75,0
495,0,13.75,1,0,2.34917019512883,1
495,0,13.75,1,2.34917019512883,13.75,0
496,0,11.75,0,0,11.75,0
497,0,11.75,0,0,11.75,0
498,0,19.75,4,0,1.87198812054921,1
498,0,19.75,4,1.87198812054921,2.66760611340061,1
498,0,19.75,4,2.66760611340061,6.77542779032281,1
498,0,19.75,4,6.77542779032281,10.380743508706,1
498,0,19.75,4,10.380743508706,19.75,0
499,0,15.75,1,0,10.0087892518721,1
499,0,15.75,1,10.0087892518721,15.75,0
500,0,11.75,0,0,11.75,0
501,0,8.75,0,0,8.75,0
502,0,9.75,1,0,2.73697573215953,1
502,0,9.75,1,2.73697573215953,9.75,0
503,0,11.75,0,0,11.75,0
504,0,11.75,0,0,11.75,0
505,0,13.75,3,0,0.61252424526856,1
505,0,13.75,3,0.61252424526856,4.19956906017875,1
505,0,13.75,3,4.19956906017875,8.47772529569185,1
505,0,13.75,3,8.47772529569185,13.75,0
506,0,10.75,0,0,10.75,0
507,0,17.75,2,0,0.392157288141855,1
507,0,17.75,2,0.392157288141855,13.9318320906261,1
507,0,17.75,2,13.9318320906261,17.75,0
508,0,9.75,1,0,3.28254241604411,1
508,0,9.75,1,3.28254241604411,9.75,0
509,0,8.75,2,0,1.34128192512755,1
509,0,8.75,2,1.34128192512755,5.51461465101744,1
509,0,8.75,2,5.51461465101744,8.75,0
510,0,12.75,2,0,8.81924705151931,1
510,0,12.75,2,8.81924705151931,9.4528839302955,1
510,0,12.75,2,9.4528839302955,12.75,0
511,0,13.75,12,0,0.177951289240712,1
511,0,13.75,12,0.177951289240712,1.1690152742942,1
511,0,13.75,12,1.1690152742942,1.26391502019991,1
511,0,13.75,12,1.26391502019991,4.72474950642326,1
511,0,13.75,12,4.72474950642326,5.5794196983339,1
511,0,13.75,12,5.5794196983339,7.27156154036544,1
511,0,13.75,12,7.27156154036544,8.37154207339543,1
511,0,13.75,12,8.37154207339543,9.08908847054299,1
511,0,13.75,12,9.08908847054299,10.4631193521595,1
511,0,13.75,12,10.4631193521595,11.2692919753277,1
511,0,13.75,12,11.2692919753277,11.6102683425642,1
511,0,13.75,12,11.6102683425642,12.3409300333646,1
511,0,13.75,12,12.3409300333646,13.75,0
512,0,12.75,2,0,11.0369508300825,1
512,0,12.75,2,11.0369508300825,11.4990423063213,1
512,0,12.75,2,11.4990423063213,12.75,0
513,0,19.75,5,0,5.77786209800145,1
513,0,19.75,5,5.77786209800145,11.8185234790158,1
513,0,19.75,5,11.8185234790158,13.3793325876439,1
513,0,19.75,5,13.3793325876439,15.2274930450071,1
513,0,19.75,5,15.2274930450071,17.1378196989975,1
513,0,19.75,5,17.1378196989975,19.75,0
514,0,9.75,1,0,5.9882061103831,1
514,0,9.75,1,5.9882061103831,9.75,0
515,0,10.75,2,0,1.19075817600377,1
515,0,10.75,2,1.19075817600377,3.39813505592981,1
515,0,10.75,2,3.39813505592981,10.75,0
516,0,14.75,2,0,4.42621487528112,1
516,0,14.75,2,4.42621487528112,8.76614851154539,1
516,0,14.75,2,8.76614851154539,14.75,0
517,0,10.75,3,0,2.33485870306091,1
517,0,10.75,3,2.33485870306091,3.30896636380681,1
517,0,10.75,3,3.30896636380681,4.07731661822506,1
517,0,10.75,3,4.07731661822506,10.75,0
518,0,14.75,2,0,9.76432289476467,1
518,0,14.75,2,9.76432289476467,12.8903435457596,1
518,0,14.75,2,12.8903435457596,14.75,0
519,0,9.75,1,0,6.98187570699927,1
519,0,9.75,1,6.98187570699927,9.75,0
520,0,7.75,3,0,3.42895798479668,1
520,0,7.75,3,3.42895798479668,5.3739652946971,1
520,0,7.75,3,5.3739652946971,7.31055735819468,1
520,0,7.75,3,7.31055735819468,7.75,0
521,0,14.75,0,0,14.75,0
522,0,17.75,6,0,8.03107659707714,1
522,0,17.75,6,8.03107659707714,8.3887743191503,1
522,0,17.75,6,8.3887743191503,9.07356769171578,1
522,0,17.75,6,9.07356769171578,9.1203359409262,1
522,0,17.75,6,9.1203359409262,16.4770320453604,1
522,0,17.75,6,16.4770320453604,16.6043349180849,1
522,0,17.75,6,16.6043349180849,17.75,0
523,0,12.75,0,0,12.75,0
524,0,16.75,2,0,6.62128006465479,1
524,0,16.75,2,6.62128006465479,14.0605956638764,1
524,0,16.75,2,14.0605956638764,16.75,0
525,0,12.75,1,0,10.9536585684807,1
525,0,12.75,1,10.9536585684807,12.75,0
526,0,16.75,1,0,6.63106661022931,1
526,0,16.75,1,6.63106661022931,16.75,0
527,0,19.75,0,0,19.75,0
528,0,10.75,2,0,0.531236977798713,1
528,0,10.75,2,0.531236977798713,6.4805801178793,1
528,0,10.75,2,6.4805801178793,10.75,0
529,0,14.75,8,0,1.98394548397768,1
529,0,14.75,8,1.98394548397768,10.6137359367594,1
529,0,14.75,8,10.6137359367594,11.2364277129768,1
529,0,14.75,8,11.2364277129768,12.6918147347151,1
529,0,14.75,8,12.6918147347151,12.9182556591976,1
529,0,14.75,8,12.9182556591976,13.0192243354389,1
529,0,14.75,8,13.0192243354389,13.3227880598595,1
529,0,14.75,8,13.3227880598595,14.133800779451,1
529,0,14.75,8,14.133800779451,14.75,0
530,0,16.75,3,0,0.544340275702294,1
530,0,16.75,3,0.544340275702294,9.14252054457794,1
530,0,16.75,3,9.14252054457794,12.9007158137044,1
530,0,16.75,3,12.9007158137044,16.75,0
531,0,9.75,1,0,3.62712455345868,1
531,0,9.75,1,3.62712455345868,9.75,0
532,0,17.75,0,0,17.75,0
533,0,9.75,1,0,0.856982872811962,1
533,0,9.75,1,0.856982872811962,9.75,0
534,0,15.75,0,0,15.75,0
535,0,16.75,4,0,3.94191022081574,1
535,0,16.75,4,3.94191022081574,4.93804504261343,1
535,0,16.75,4,4.93804504261343,8.18283374528055,1
535,0,16.75,4,8.18283374528055,14.1237841398928,1
535,0,16.75,4,14.1237841398928,16.75,0
536,0,13.75,0,0,13.75,0
537,0,11.75,1,0,5.86628291621836,1
537,0,11.75,1,5.86628291621836,11.75,0
538,0,11.75,4,0,0.836981616883431,1
538,0,11.75,4,0.836981616883431,3.99251074463169,1
538,0,11.75,4,3.99251074463169,9.2921883584967,1
538,0,11.75,4,9.2921883584967,9.59484602414258,1
538,0,11.75,4,9.59484602414258,11.75,0
539,0,11.75,2,0,7.7099462008571,1
539,0,11.75,2,7.7099462008571,11.7269149008942,1
539,0,11.75,2,11.7269149008942,11.75,0
540,0,16.75,0,0,16.75,0
541,0,15.75,0,0,15.75,0
542,0,17.75,0,0,17.75,0
543,0,19.75,4,0,2.21527862185403,1
543,0,19.75,4,2.21527862185403,9.46149001790837,1
543,0,19.75,4,9.46149001790837,12.0022620779422,1
543,0,19.75,4,12.0022620779422,12.4798940608843,1
543,0,19.75,4,12.4798940608843,19.75,0
544,0,11.75,1,0,0.676491929457513,1
544,0,11.75,1,0.676491929457513,11.75,0
545,0,8.75,1,0,7.16560542720004,1
545,0,8.75,1,7.16560542720004,8.75,0
546,0,15.75,0,0,15.75,0
547,0,15.75,1,0,10.3734112679736,1
547,0,15.75,1,10.3734112679736,15.75,0
548,0,19.75,3,0,5.25062871930998,1
548,0,19.75,3,5.25062871930998,9.83080620550988,1
548,0,19.75,3,9.83080620550988,13.8370022089239,1
548,0,19.75,3,13.8370022089239,19.75,0
549,0,15.75,1,0,12.166859615728,1
549,0,15.75,1,12.166859615728,15.75,0
550,0,12.75,0,0,12.75,0
551,0,17.75,4,0,8.4927072843902,1
551,0,17.75,4,8.4927072843902,10.8252903896676,1
551,0,17.75,4,10.8252903896676,11.1085276338797,1
551,0,17.75,4,11.1085276338797,17.3426910301033,1
551,0,17.75,4,17.3426910301033,17.75,0
552,0,7.75,1,0,1.31800229017711,1
552,0,7.75,1,1.31800229017711,7.75,0
553,0,12.75,1,0,6.62747253889898,1
553,0,12.75,1,6.62747253889898,12.75,0
554,0,16.75,0,0,16.75,0
555,0,13.75,0,0,13.75,0
556,0,17.75,5,0,4.84701730730692,1
556,0,17.75,5,4.84701730730692,4.89444721646377,1
556,0,17.75,5,4.89444721646377,10.0382818240265,1
556,0,17.75,5,10.0382818240265,10.6917610050169,1
556,0,17.75,5,10.6917610050169,14.4518285422987,1
556,0,17.75,5,14.4518285422987,17.75,0
557,0,15.75,5,0,1.95293180705892,1
557,0,15.75,5,1.95293180705892,3.22760817100797,1
557,0,15.75,5,3.22760817100797,3.80476586928088,1
557,0,15.75,5,3.80476586928088,4.99889938641662,1
557,0,15.75,5,4.99889938641662,13.0139106066333,1
557,0,15.75,5,13.0139106066333,15.75,0
558,0,12.75,2,0,4.41936497792441,1
558,0,12.75,2,4.41936497792441,5.10416037578708,1
558,0,12.75,2,5.10416037578708,12.75,0
559,0,8.75,0,0,8.75,0
560,0,9.75,0,0,9.75,0
561,0,18.75,0,0,18.75,0
562,0,15.75,1,0,13.3229606425895,1
562,0,15.75,1,13.3229606425895,15.75,0
563,0,18.75,1,0,13.924914944909,1
563,0,18.75,1,13.924914944909,18.75,0
564,0,15.75,3,0,8.59719882823778,1
564,0,15.75,3,8.59719882823778,10.5623720771796,1
564,0,15.75,3,10.5623720771796,15.2615585901456,1
564,0,15.75,3,15.2615585901456,15.75,0
565,0,15.75,0,0,15.75,0
566,0,15.75,1,0,5.81654526627284,1
566,0,15.75,1,5.81654526627284,15.75,0
567,0,15.75,0,0,15.75,0
568,0,12.75,1,0,4.61134779864816,1
568,0,12.75,1,4.61134779864816,12.75,0
569,0,15.75,1,0,14.8381599076865,1
569,0,15.75,1,14.8381599076865,15.75,0
570,0,14.75,1,0,0.62367058482484,1
570,0,14.75,1,0.62367058482484,14.75,0
571,0,11.75,0,0,11.75,0
572,0,17.75,3,0,6.90281541189964,1
572,0,17.75,3,6.90281541189964,11.6599552694957,1
572,0,17.75,3,11.6599552694957,16.1991835780019,1
572,0,17.75,3,16.1991835780019,17.75,0
573,0,10.75,2,0,5.19499772292593,1
573,0,10.75,2,5.19499772292593,9.19295188620112,1
573,0,10.75,2,9.19295188620112,10.75,0
574,0,8.75,0,0,8.75,0
575,0,9.75,0,0,9.75,0
576,0,19.75,5,0,1.9123568186138,1
576,0,19.75,5,1.9123568186138,3.36210539156669,1
576,0,19.75,5,3.36210539156669,3.65839567894408,1
576,0,19.75,5,3.65839567894408,9.94503742656875,1
576,0,19.75,5,9.94503742656875,12.900072831344,1
576,0,19.75,5,12.900072831344,19.75,0
577,0,10.75,0,0,10.75,0
578,0,13.75,2,0,2.07759198992346,1
578,0,13.75,2,2.07759198992346,7.5514634968661,1
578,0,13.75,2,7.5514634968661,13.75,0
579,0,10.75,2,0,2.89291395931458,1
579,0,10.75,2,2.89291395931458,3.77802561150993,1
579,0,10.75,2,3.77802561150993,10.75,0
580,0,9.75,0,0,9.75,0
581,0,9.75,1,0,3.94341424371763,1
581,0,9.75,1,3.94341424371763,9.75,0
582,0,9.75,0,0,9.75,0
583,0,15.75,0,0,15.75,0
584,0,12.75,1,0,4.52640957003243,1
584,0,12.75,1,4.52640957003243,12.75,0
585,0,10.75,2,0,8.8727286594942,1
585,0,10.75,2,8.8727286594942,9.16303438971289,1
585,0,10.75,2,9.16303438971289,10.75,0
586,0,12.75,0,0,12.75,0
587,0,8.75,0,0,8.75,0
588,0,10.75,1,0,7.89712436636243,1
588,0,10.75,1,7.89712436636243,10.75,0
589,0,16.75,0,0,16.75,0
590,0,11.75,0,0,11.75,0
591,0,17.75,2,0,5.7009519441202,1
591,0,17.75,2,5.7009519441202,13.7374800752423,1
591,0,17.75,2,13.7374800752423,17.75,0
592,0,20.75,2,0,3.92416407244277,1
592,0,20.75,2,3.92416407244277,18.9837211431714,1
592,0,20.75,2,18.9837211431714,20.75,0
593,0,7.75,0,0,7.75,0
594,0,10.75,0,0,10.75,0
595,0,16.75,0,0,16.75,0
596,0,14.75,0,0,14.75,0
597,0,13.75,2,0,6.0678461855122,1
597,0,13.75,2,6.0678461855122,10.6736562959777,1
597,0,13.75,2,10.6736562959777,13.75,0
598,0,17.75,1,0,7.54756238349062,1
598,0,17.75,1,7.54756238349062,17.75,0
599,0,13.75,2,0,1.62358974546893,1
599,0,13.75,2,1.62358974546893,5.55980491875836,1
599,0,13.75,2,5.55980491875836,13.75,0
600,0,15.75,0,0,15.75,0
